gene,population,396,540
PA14_00760 ?,PL1,0.196,0.046
PA14_01160 ?,PL1,0.487,0.498
PA14_01160 ?,PL1,0.163,0.071
PA14_03860 ?,PL1,0.415,0.338
spuC ?,PL1,0.548,0.306
glpR ?,PL1,0.368,0.575
PA14_19940 ?,PL1,0.067,0.089
PA14_21700 ?,PL1,0.366,0.548
orfN ?,PL1,0.043,0.111
PA14_28880 ?,PL1,0.079,0.15
gacA ?,PL1,0.396,0.335
PA14_43080 ?,PL1,0.14,0.158
PA14_43610 ?,PL1,0.067,0.122
PA14_46980 ?,PL1,0.053,0.082
PA14_48470 ?,PL1,0.073,0.068
PA14_51650 ?,PL1,0.21,0.205
aotM ?,PL1,0.48,0.297
PA14_61200 ?,PL1,0.039,0.039
PA14_61200 ?,PL1,0.187,0.229
PA14_61200 ?,PL1,0.352,0.292
PA14_61200 ?,PL1,0.456,0.381
PA14_61200 ?,PL1,0.424,0.405
PA14_67280 ?,PL1,0.08,0.065
PA14_61200 ?,PL2,0.011,0.043
PA14_71300 ?,PL2,0.019,0.027
PA14_61200 ?,PL2,0.038,0.068
orn ?,PL2,0.039,0.232
PA14_00760 ?,PL2,0.09,0.116
PA14_55770 ?,PL2,0.115,0.293
orfN ?,PL2,0.117,0.089
PA14_19940 ?,PL2,0.133,0.048
PA14_61200 ?,PL2,0.142,0.206
PA14_01160 ?,PL2,0.144,0.063
PA14_61200 ?,PL2,0.171,0.167
PA14_43080 ?,PL2,0.202,0.113
PA14_51650 ?,PL2,0.214,0.236
PA14_61200 ?,PL2,0.326,0.31
PA14_61200 ?,PL2,0.399,0.41
PA14_66380 ?,PL2,0.43,0.065
PA14_61200 ?,PL2,0.43,0.426
PA14_01160 ?,PL2,0.514,0.49
PA14_69980 ?,PL2,0.939,0.677
pssA ?,PL2,0.95,0.622
PA14_60790 ?,PL3,0.209,0.172
PA14_57470 ?,PL3,0.466,0.667
PA14_00680 ?,PL3,0.249,0.2
orfN ?,PL3,0.081,0.296
orfJ ?,PL3,0.014,0.09
PA14_01160 ?,PL3,0.462,0.545
uvrA ?,PL3,0.065,0.288
PA14_14170 ?,PL3,0.018,0.176
pilF ?,PL3,0.068,0.159
ppnK ?,PL3,0.149,0.212
PA14_39240 ?,PL3,0.266,0.216
PA14_39520 ?,PL3,0.344,0.5
PA14_46980 ?,PL3,0.039,0.044
PA14_25990 ?,PL3,0.033,0.207
PA14_10700 ?,PL3,0.113,0.365
PA14_10770 ?,PL3,0.244,0.115
cupB3 ?,PL3,0.104,0.357
recJ ?,PL3,0.108,0.6
mutS ?,PL3,0.468,0.286
glpR ?,PL3,0.11,0.316
PA14_30870 ?,PL3,0.368,0.676
PA14_34810 ?,PL3,0.403,0.561
pslK ?,PL3,0.038,0.371
PA14_37880 ?,PL3,0.015,0.22
pscQ ?,PL3,0.236,0.212
PA14_43080 ?,PL3,0.179,0.098
PA14_46980 ?,PL3,0.038,0.043
aotJ ?,PL3,0.469,0.567
PA14_28895 ?,PL3,0.367,0.676
kdpA ?,PL3,0.27,0.222
PA14_47360 ?,PL3,0.026,0.045
PA14_51860 ?,PL3,0.13,0.169
PA14_53560 ?,PL3,0.423,0.5
oprP ?,PL3,0.047,0.068
oprP ?,PL3,0.047,0.068
PA14_43610 ?,PL3,0.067,0.1
ggt ?,PL3,0.03,0.03
PA14_48140 ?,PL3,0.007,0.035
PA14_01160 ?,PL3,0.379,0.368
cca ?,PL3,0.075,0.228
rluC ?,PL3,0.302,0.518
PA14_44950 ?,PL3,0.378,0.606
PA14_46650 ?,PL3,0.037,0.278
PA14_47060 ?,PL3,0.037,0.025
PA14_51650 ?,PL3,0.245,0.234
PA14_51830 ?,PL3,0.064,0.462
PA14_53700 ?,PL3,0.018,0.176
PA14_61850 ?,PL3,0.275,0.207
pilN ?,PL3,0.016,0.5
pilQ ?,PL3,0.285,0.164
PA14_47850 ?,PL3,0.123,0.109
PA14_47090 ?,PL3,0.008,0.031
PA14_43710 ?,PL3,0.032,0.143
