gene,population,7,70,133,196,266,322,385,448
GPB2,E1,0,0.052434594,0.00385286,0.010131275,0,0,0,0
GPB2,E1,0.00286123,0,8.87311e-4,0.001986097,0,0,0.003131524,0.020657277
GPB2,E1,0,0,0.002159156,0.101952271,0.022350306,0,0,0
SED4,E1,0,0,0,0,0,0,0.001831502,0.032598273999999997
SNF3,E1,0,0,0.026061776,0.150319829,0.030753968,0,0,0
SNF3,E1,0,0.010416667,0.028967254,0.105978261,0.030012005,0,0,0
RGT2,E1,0,0,0.007874016,0.027090695,0.002014099,0,0,0
MTH1,E1,0,0,0,0.011520737,0.078037904,0.001119821,0,0
MTH1,E1,0,0,0.009367681,0.026525199,0.002554278,0,0,0
MTH1,E1,0,0.008917197,0.015435502,0.077510917,0.069246436,0.003218884,0,0
MTH1,E1,0,0,0.003167899,0.002209945,0.242827869,0.983032874,0.999133449,0.998237885
MTH1,E1,0,0.007032349,0.137603796,0.001340483,0.015681544,0,0,0
MTH1,E1,0,0.001582112,0.002545862,0.031463418,0.014082374,0,0,0
MTH1,E1,0,0,0.004273504,0.02406015,0.026206897,0,8.8968e-4,0
MTH1,E1,0,0.01007326,0.022433132,0.014146773,0.012588513,8.88099e-4,0,0
MTH1,E1,0,0.004555809,0.035181237,0.023501763,0.011952191,0,0,0
DAL81,E1,0,0,0,0,0.035197,0.893491,0.986711,1
ATP6,E1,0.005360887,0.001163574,0.002179714,0.003208594,0.001632575,0.007574786,6.58903e-4,3.17816e-4
RIM15,E1,0,0,0,0.01660281,0.037878788,0.001216545,0,0
RIM15,E1,0,0,0,0,0,0,6.61813e-4,0.031516743
CYR1,E1,0,0.371134021,0.2,0.346609257,0.072765073,0.002280502,0,0
RGT1,E1,0,0,0.002710027,0.017687075,0.041112455,0,7.89266e-4,0
RGT1,E1,0,0,0.002421308,0.020706456,0.080890973,0.001312336,0,0
RGT1,E1,0,0,0,0.027513228,0.112852665,0.001157407,0,0
VPS13,E1,0,0,0.001144165,0.01816118,0.012565445,0,0,0
SSK1,E1,0,0,0,0,0.22638,0.986335,0.998209,0.996253
ADE16,E1,0,0,0,0,0.208847737,0.988476312,0.99826087,1
HOG1,E1,0,0,0,0.012205045,0.071272727,0,0,0
HOG1,E1,0,0,0,0.023280423,0.113658071,0.001097695,0,0
ERG5,E1,0,0,0,0,0.003610108,0.428571429,0.714285714,1
RAS2,E1,0,0,0,0,0.027264732,0,0,0
SSK2,E1,0,0,0.003246753,0.047018349,0.04468719,0.001096491,0,0
HRD1,E1,0,0,0,0.002147526,0.02686023,0.002233594,1.61e-5,0
VPS28,E1,0,0,0,0.004341534,0.056701031,0.001360544,0,0
SWI1,E1,0,0,0,0.001042753,0.023411371,0,0,0
GPB2,E2,0,0,0.002947722,0.040867414,0.164423222,0.012442004,0.012723512,0.017870023
BPH1,E2,0,0,0,0.007662835,0.022082019,0.025787966,0.04,0.014563107
SNF3,E2,0,0.007194245,0.038610039,0,0,0,0,0
RGT2,E2,0,0,0.004032258,0.095070423,0.069444444,0,0,0
MTH1,E2,0,0,0,0.041666667,0.198347107,0.037940379,0.039513678000000003,0.013157895
MTH1,E2,0,0,0.001265972,0.29351251,0.429576945,0.658144697,0.67056437,0.791989414
MTH1,E2,0,0.007246377,0.038297872,0,0,0,0,0
MTH1,E2,0,0,0,0.034852547,0.009029345,0,0,0
MTH1,E2,0,0.012820513,0.040892193,0,0.002688172,0,0,0
MTH1,E2,0,0,0,0.003558719,0.009259259,0.048929664,0.071661238,0.023201856
RMT2,E2,0,0,0,0.007092199,0.016853933,0.005277045,0.084592145,0.095032397
0,E2,0,0.080673,0.058112,0.52224,0.814544,0.892617,0.865747,0.903259
RIM15,E2,0,0.140893471,0.072916667,0.337979094,0.104790419,0,0,0
RMR1,E2,0,0.002702703,0.018292683,0.008086253,0.032178218,0.014742015,0.029569892,0.022271715
CDC55,E2,0.003436426,0.09703504,0.038011696,0.535816619,0.817955112,0.981308411,0.971867008,0.994208494
ECM14,E2,0,0,0,0.004,0.008356546,0.005376344,0.046920821,0.079404467
PBS2,E2,0,0,0.003225806,0.00952381,0.004640371,0.011600928,0.040572792,0.010869565
PBS2,E2,0,0,0,0.003257329,0,0.015625,0.046875,0.101910828
VPS25,E2,0,0,0.045454545,0.003021148,0.029411765,0.007159905,0.028985507,0.051502146
RGT1,E2,0,0.00245098,0.002785515,0.019753086,0.028634361,0,0,0
RGT1,E2,0,0,0,0.042713568,0.027027027,0.031512605,0.018181818,0.015706806
SSK1,E2,0,0,0,0,0,0,0.031884058,0.039292731
SSK1,E2,0,0,0,0,0,0.022727273,0.079254079,0.534545455
SSK1,E2,0,0,0,0,0.010443864,0.013586957,0.020648968,0.008097166
SSK1,E2,0,0,0,0,0.002087683,0.032075472,0.039812646,0.034482759
ERG5,E2,0,0,0,0,0,0,0.003076923,0.114391144
SSK2,E2,0,0,0,0,0.005952381,0.026086957,0.024793388,0.016018307
SSK2,E2,0,0,0,0,0.024752475,0.147619048,0.121428571,0.028199566
SSK2,E2,0,0,0,0,0.002325581,0.014553015,0.021108179,0.006060606
WHI2,E2,0,0,0,0,0.020408163,0.076923077,0.103614458,0.04789272
WHI2,E2,0,0,0,0.003100585,0.001752242,0.061563036,0.083352308,0.014470266
ARP8,E2,0,0,0,0,0.005479452,0.032258065,0.018292683,0.008032129
GPB2,E3,0,0,0,0,0,0,0.003856986,0.059541867
CDC15,E3,0,0,0,0,0,0,0.005319149,0.096277279
YAT1,E3,0,0,0,0,0.008174387,0.099378882,0.142857143,0.018766756
IRA1,E3,0,0,0.11036036,0.429889299,0.137037037,0.063366337,0.010638298,0.027607362
UBC13,E3,0,0,0,0.002457002,0.002252252,0.02962963,0.01511335,0.075156576
MTH1,E3,0,0.003752345,0.024390244,0.01426025,0,0,0,0
MTH1,E3,0,0.004518072,0.056761269,0.0328125,0.008827238,0.004594181,0,0
MTH1,E3,0,0,0.082887701,0.483544304,0.16985138,0.053140097,0.006329114,0.020446097
MTH1,E3,0,0,0,0.051454139,0.098393574,0.03874092,0,0
GLC7,E3,0,0,0,0,0,0,0,0.038034865
RIM15,E3,0,0.005736138,0.037664783,0.004807692,0,0,0,0
RIM15,E3,0,0,0,0.047992526,0.113696022,0.051942877,-8.87311e-4,-8.87311e-4
RIM15,E3,0,0,0,0,0,0.054867257,0.054279749,0.014450867
RIM15,E3,0,0,0.001574803,0.008888889,0.017162471,0.00280112,0,0
CDC55,E3,0,0,0,0,0,0,0,0.047619048
TIF4632,E3,0,0,0,0,0,0,0.014900662,0.044058745
OSH3,E3,0,0,0,0,0.004942339,0.036764706,0.013333333,0.004784689
OSH3,E3,0,0,0,0,0,0,0.001683502,0.029976019
DAL81,E3,0,0,0,0,0.020143885,0.177935943,0.434622468,0.651890482
LCB3,E3,0,0,0,0,0.002096436,0,0.005181347,0.023636364
LCB3,E3,0,0,0,0,0.005244755,0.038022814,0.019067797,0.001639344
BCK1,E3,0,0,0,0,0,0,0.007434944,0.108958838
VPS25,E3,0,0,0,0,0,0,0.00170068,0.137884873
YJR115W,E3,0,0,0,0.006734007,0.017142857,0.032871972,0.023569024,0.056756757
MNN4,E3,0,0.008714597,0.293367347,0.129330254,0.188747731,0.105882353,0.02189781,0.003992016
BYE1,E3,0,0,0,0.014109347,0.053491828,0.288709677,0.479310345,0.705333333
ACE2,E3,0,0,0,0,0,0,0.003875969,0.101673102
ACE2,E3,0,0,0,0,0.005063291,0.008982036,0,0.018757327
ACE2,E3,0,0,0,0.002035424,0.004297594,0.014204363,0.011932716,0.047299954
ACE2,E3,0,0,0,0,0,0,0,0.04203
APJ1,E3,0,0,0,0.005119454,0.030487805,0.015652174,0.00174216,0.001440922
IRA2,E3,0,0,0,0,0,0,0.004683841,0.101867572
IRA2,E3,0,0,0,0,0.011058452,0.043071161,0.024390244,0.004385965
SLY41,E3,0,0,0,0,0,0.00907441,0.063180828,0.069659443
PDE2,E3,0,0,0,0,0,0,0.008797654,0.057522124
PDE2,E3,0,0,0,0,0.010135135,0.156126482,0.20855615,0.036220472
NDD1,E3,0,0,0,0,0,0.00281294,0.006514658,0.045632334
GAL4,E3,0,0,0.002994012,0.032786885,0.1375,0.035911602,0,0
MUK1,E3,0,0,0,0.025821596,0.280808081,0.639257294,0.90625,0.895669291
ATH1,E3,0,0,0,0,0,0,0,0.027186761
ATG11,E3,0,0,0,0,0,0,0.003192946,0.037403908
YPR109W,E3,0,0,0,0,0,0,0.003466205,0.06116643
0,0,0,0,0,0,0,0,0,0
0,0,0,0,0,0,0,0,0,0
